ay,yolculuk_2024,yolculuk_2025,fark,degisim_yuzde,otorite_sayisi_2024,otorite_sayisi_2025
1,4685515,5539415,853900,18.22,8,8
2,5486501,3827759,-1658742,-30.23,8,8
3,5433395,5308609,-124786,-2.30,8,8
4,6784560,5855155,-929405,-13.70,8,8
5,6568891,6389220,-179671,-2.74,8,8
6,6883997,7003143,119146,1.73,8,8
7,6681785,6710006,28221,0.42,8,8
8,6714157,6804211,90054,1.34,8,8
9,5479075,5796372,317297,5.79,8,8
10,5958822,6139505,180683,3.03,8,7
11,4923450,5983942,1060492,21.54,8,7
12,4683719,5156326,472607,10.09,8,7
