ay,yil,yolcu_sayisi_toplami
1,2021,1834347
1,2022,3839861
1,2023,5751954
1,2024,4685515
1,2025,5539415
2,2021,2073893
2,2022,4397608
2,2023,4263709
2,2024,5486501
2,2025,3827759
3,2021,3193806
3,2022,4622454
3,2023,4987768
3,2024,5433395
3,2025,5308609
4,2021,2266126
4,2022,5320081
4,2023,6167535
4,2024,6784560
4,2025,5855155
5,2021,1842285
5,2022,7499400
5,2023,6435229
5,2024,6568891
5,2025,6389220
6,2021,4129945
6,2022,6621080
6,2023,7219947
6,2024,6883997
6,2025,7003143
7,2021,5884922
7,2022,7587341
7,2023,7109172
7,2024,6681785
7,2025,6710006
8,2021,5690773
8,2022,6981900
8,2023,6977423
8,2024,6714157
8,2025,6804211
9,2021,5307270
9,2022,6288139
9,2023,6248919
9,2024,5479075
9,2025,5796372
10,2021,5635727
10,2022,6818551
10,2023,6648294
10,2024,5958822
10,2025,6139505
11,2021,4866885
11,2022,5906807
11,2023,4991583
11,2024,4923450
11,2025,5983942
12,2021,4719166
12,2022,5688930
12,2023,5285510
12,2024,4683719
12,2025,5156326
